actors,description,director,duration,genre,public,score,title,year
"Frances Goodrich,Albert Hackett,Frank Capra",An angel is sent from Heaven to help a desperately frustrated businessman by showing him what life would have been like if he had never existed.,Frank Capra,130,Drama,PG,8.6,It's a Wonderful Life,1946
"Morgan Freeman,Brad Pitt,Kevin Spacey","Two detectives, a rookie and a veteran, hunt a serial killer who uses the seven deadly sins as his motives.",David Fincher,127,Crime,R,8.6,Se7en,1995
"Matthew McConaughey,Anne Hathaway,Jessica Chastain","When Earth becomes uninhabitable in the future, a farmer and ex-NASA pilot, Joseph Cooper, is tasked to pilot a spacecraft, along with a team of researchers, to find a new planet for humans.",Christopher Nolan,169,Adventure,PG-13,8.7,Interstellar,2014
"Lawrence Hauben,Bo Goldman,Ken Kesey","In the Fall of 1963, a Korean War veteran and criminal pleads insanity and is admitted to a mental institution, where he rallies up the scared patients against the tyrannical nurse.",Milos Forman,133,Drama,R,8.7,One Flew Over the Cuckoo's Nest,1975
"Nicholas Pileggi,Martin Scorsese,Robert De Niro","The story of Henry Hill and his life in the mafia, covering his relationship with his wife Karen and his mob partners Jimmy Conway and Tommy DeVito.",Martin Scorsese,145,Biography,R,8.7,Goodfellas,1990
"Keanu Reeves,Laurence Fishburne,Carrie-Anne Moss","When a beautiful stranger leads computer hacker Neo to a forbidding underworld, he discovers the shocking truth--the life he knows is the elaborate deception of an evil cyber-intelligence.",Lana Wachowski,136,Action,R,8.7,The Matrix,1999
"Mark Hamill,Harrison Ford,Carrie Fisher","After the Rebels are overpowered by the Empire, Luke Skywalker begins his Jedi training with Yoda, while his friends are pursued across the galaxy by Darth Vader and bounty hunter Boba Fett.",Irvin Kershner,124,Action,PG,8.7,Star Wars: Episode V - The Empire Strikes Back,1980
"Leonardo DiCaprio,Joseph Gordon-Levitt,Elliot Page","A thief who steals corporate secrets through the use of dream-sharing technology is given the inverse task of planting an idea into the mind of a C.E.O., but his tragic past may doom the pro...",Christopher Nolan,148,Action,PG-13,8.8,Inception,2010
"J.R.R. Tolkien,Fran Walsh,Philippa Boyens","While Frodo and Sam edge closer to Mordor with the help of the shifty Gollum, the divided fellowship makes a stand against Sauron's new ally, Saruman, and his hordes of Isengard.",Peter Jackson,179,Action,PG-13,8.8,The Lord of the Rings: The Two Towers,2002
"Luciano Vincenzoni,Sergio Leone,Agenore Incrocci",A bounty hunting scam joins two men in an uneasy alliance against a third in a race to find a fortune in gold buried in a remote cemetery.,Sergio Leone,178,Adventure,Approved,8.8,"The Good, the Bad and the Ugly",1966
"Tom Hanks,Robin Wright,Gary Sinise","The history of the United States from the 1950s to the '70s unfolds from the perspective of an Alabama man with an IQ of 75, who yearns to be reunited with his childhood sweetheart.",Robert Zemeckis,142,Drama,PG-13,8.8,Forrest Gump,1994
"Brad Pitt,Edward Norton,Meat Loaf",An insomniac office worker and a devil-may-care soap maker form an underground fight club that evolves into much more.,David Fincher,139,Drama,R,8.8,Fight Club,1999
"Timothée Chalamet,Zendaya,Rebecca Ferguson",Paul Atreides unites with Chani and the Fremen while seeking revenge against the conspirators who destroyed his family.,Denis Villeneuve,166,Action,PG-13,8.9,Dune: Part Two,2024
"J.R.R. Tolkien,Fran Walsh,Philippa Boyens",A meek Hobbit from the Shire and eight companions set out on a journey to destroy the powerful One Ring and save Middle-earth from the Dark Lord Sauron.,Peter Jackson,178,Action,PG-13,8.9,The Lord of the Rings: The Fellowship of the Ring,2001
"Quentin Tarantino,Roger Avary,John Travolta","The lives of two mob hitmen, a boxer, a gangster and his wife, and a pair of diner bandits intertwine in four tales of violence and redemption.",Quentin Tarantino,154,Crime,R,8.9,Pulp Fiction,1994
"Ajay Devgn,Shriya Saran,Tabu","Desperate measures are taken by a man who tries to save his family from the dark side of the law, after they commit an unexpected crime.",Nishikant Kamat,163,Crime,Not Rated,8.2,Drishyam,2015
"Clark Gable,Claudette Colbert,Walter Connolly","A renegade reporter trailing a young runaway heiress for a big story joins her on a bus heading from Florida to New York, and they end up stuck with each other when the bus leaves them behin...",Frank Capra,105,Comedy,Passed,8.1,It Happened One Night,1934
"Michael Blake,Kevin Costner,Mary McDonnell","Lieutenant John Dunbar, assigned to a remote western Civil War outpost, finds himself engaging with a neighbouring Sioux settlement, causing him to question his own purpose.",Kevin Costner,181,Adventure,PG-13,8.0,Dances with Wolves,1990
"Ron Clements,John Musker,Ted Elliott",A kind-hearted street urchin and a power-hungry Grand Vizier vie for a magic lamp that has the power to make their deepest wishes come true.,Ron Clements,90,Animation,G,8.0,Aladdin,1992
"Viola Davis,Emma Stone,Octavia Spencer","An aspiring author during the civil rights movement of the 1960s decides to write a book detailing the African American maids' point of view on the white families for which they work, and th...",Tate Taylor,146,Drama,PG-13,8.1,The Help,2011
"Tim McCanlies,Brad Bird,Ted Hughes",A young boy befriends a giant robot from outer space that a paranoid government agent wants to destroy.,Brad Bird,86,Animation,PG,8.1,The Iron Giant,1999
"Daphne Du Maurier,Robert E. Sherwood,Joan Harrison",A self-conscious woman juggles adjusting to her new role as an aristocrat's wife and avoiding being intimidated by his first wife's spectral presence.,Alfred Hitchcock,130,Drama,Approved,8.1,Rebecca,1940
"Donn Pearce,Frank Pierson,Hal Dresner","A laid-back Southern man is sentenced to two years in a rural prison, but refuses to conform.",Stuart Rosenberg,127,Crime,GP,8.1,Cool Hand Luke,1967
"Emilio Echevarría,Gael García Bernal,Goya Toledo","An amateur dog fighter, a supermodel, and a derelict assassin, all separately struggling to find love, find their lives transformed by a devastating car wreck in Mexico City.",Alejandro G. Iñárritu,154,Drama,R,8.1,Amores Perros,2000
"Danny Rubin,Harold Ramis,Bill Murray","A narcissistic, self-centered weatherman finds himself in a time loop on Groundhog Day.",Harold Ramis,101,Comedy,PG,8.0,Groundhog Day,1993
"Franco Solinas,Gillo Pontecorvo,Brahim Hadjadj","In the 1950s, fear and violence escalate as the people of Algiers fight for independence from the French government.",Gillo Pontecorvo,121,Drama,Not Rated,8.1,The Battle of Algiers,1966
"Henry Fonda,Jane Darwell,John Carradine","An Oklahoma family, driven off their farm by the poverty and hopelessness of the Dust Bowl, joins the westward migration to California, suffering the misfortunes of the homeless in the Great...",John Ford,129,Drama,Passed,8.1,The Grapes of Wrath,1940
"Carole Lombard,Jack Benny,Robert Stack","During the German occupation of Poland, an acting troupe becomes embroiled in a Polish soldier's efforts to track down a German spy.",Ernst Lubitsch,99,Comedy,Passed,8.1,To Be or Not to Be,1942
"Kim Min-hee,Ha Jung-woo,Cho Jin-woong","A woman is hired as a handmaiden to a Japanese heiress, but secretly she is involved in a plot to defraud her.",Park Chan-wook,145,Drama,Not Rated,8.1,The Handmaiden,2016
"Georg Hurdalek,Howard Lindsay,Russel Crouse",A young novice is sent by her convent in 1930s Austria to become a governess to the seven children of a widowed naval officer.,Robert Wise,172,Biography,G,8.1,The Sound of Music,1965
"Emile Hirsch,Vince Vaughn,Catherine Keener","After graduating from Emory University, top student and athlete Christopher McCandless abandons his possessions, gives his entire $24,000 savings account to charity and hitchhikes to Alaska ...",Sean Penn,148,Adventure,R,8.1,Into the Wild,2007
"Çetin Tekindor,Fikret Kuskan,Hümeyra",The family of a left-wing journalist is torn apart after the military coup of Turkey in 1980.,Çagan Irmak,112,Drama,Not Rated,8.2,My Father and My Son,2005
"Craig T. Nelson,Samuel L. Jackson,Holly Hunter","While trying to lead a quiet suburban life, a family of undercover superheroes are forced into action to save the world.",Brad Bird,115,Animation,PG,8.0,The Incredibles,2004
"Faye Dunaway,William Holden,Peter Finch","A television network cynically exploits a deranged former anchor's ravings and revelations about the news media for its own profit, but finds that his message may be difficult to control.",Sidney Lumet,121,Drama,R,8.1,Network,1976
"Richard Gere,Joan Allen,Cary-Hiroyuki Tagawa","Professor Wilson discovers a lost Akita puppy on his way home. Despite objections from his wife, Hachi endears himself to the family and grows to be Parker's loyal companion. As their bond g...",Lasse Hallström,93,Biography,G,8.1,Hachi: A Dog's Tale,2009
"Wil Wheaton,River Phoenix,Corey Feldman",A writer recounts a childhood journey with his friends to find the body of a missing boy.,Rob Reiner,89,Adventure,R,8.1,Stand by Me,1986
"Ted Elliott,Terry Rossio,Stuart Beattie","Blacksmith Will Turner teams up with eccentric pirate ""Captain"" Jack Sparrow to save his love, the governor's daughter, from Jack's former pirate allies, who are now undead.",Gore Verbinski,143,Action,PG-13,8.1,Pirates of the Caribbean: The Curse of the Black Pearl,2003
"Daniel Brühl,Chris Hemsworth,Olivia Wilde",The merciless 1970s rivalry between Formula One rivals James Hunt and Niki Lauda.,Ron Howard,123,Action,R,8.1,Rush,2013
"Vincent Cassel,Hubert Koundé,Saïd Taghmaoui",24 hours in the lives of three young men in the French suburbs the day after a violent riot.,Mathieu Kassovitz,98,Crime,Not Rated,8.1,La haine,1995
"Myrna Loy,Dana Andrews,Fredric March","Three World War II veterans, two of them traumatized or disabled, return home to the American midwest to discover that they and their families have been irreparably changed.",William Wyler,170,Drama,Approved,8.1,The Best Years of Our Lives,1946
"Noel Langley,Florence Ryerson,Edgar Allan Woolf","Young Dorothy Gale and her dog Toto are swept away by a tornado from their Kansas farm to the magical Land of Oz, and embark on a quest with three new friends to see the Wizard, who can retu...",Victor Fleming,102,Adventure,G,8.1,The Wizard of Oz,1939
"William Peter Blatty,Ellen Burstyn,Max von Sydow","When a young girl is possessed by a mysterious entity, her mother seeks the help of two Catholic priests to save her life.",William Friedkin,122,Horror,R,8.1,The Exorcist,1973
"Richard Linklater,Julie Delpy,Ethan Hawke","Nine years after Jesse and Celine first met, they encounter each other again on the French leg of Jesse's book tour.",Richard Linklater,80,Drama,R,8.1,Before Sunset,2004
"Suriya,Lijo Mol Jose,Manikandan K.","When a tribal man is arrested for a case of alleged theft, his wife turns to a human-rights lawyer to help bring justice.",T.J. Gnanavel,164,Crime,TV-MA,8.7,Jai Bhim,2021
"Maria Falconetti,Eugene Silvain,André Berley","In 1431, Jeanne d'Arc is placed on trial on charges of heresy. The ecclesiastical jurists attempt to force Jeanne to recant her claims of holy visions.",Carl Theodor Dreyer,114,Biography,Passed,8.1,The Passion of Joan of Arc,1928
"Arnold Schwarzenegger,Linda Hamilton,Michael Biehn","A human soldier is sent from 2029 to 1984 to stop an almost indestructible cyborg killing machine, sent from the same year, which has been programmed to execute a young woman whose unborn so...",James Cameron,107,Action,R,8.1,The Terminator,1984
"Charlie Sheen,Tom Berenger,Willem Dafoe","Chris Taylor, a neophyte recruit in Vietnam, finds himself caught in a battle of wills between two sergeants, one good and the other evil. A shrewd examination of the brutality of war and th...",Oliver Stone,120,Drama,R,8.1,Platoon,1986
"Don Cheadle,Sophie Okonedo,Joaquin Phoenix","Paul Rusesabagina, a hotel manager, houses over a thousand Tutsi refugees during their struggle against the Hutu militia in Rwanda, Africa.",Terry George,121,Biography,PG-13,8.1,Hotel Rwanda,2004
"Mark Ruffalo,Michael Keaton,Rachel McAdams","The true story of how the Boston Globe uncovered the massive scandal of child molestation and cover-up within the local Catholic Archdiocese, shaking the entire Catholic Church to its core.",Tom McCarthy,129,Biography,R,8.1,Spotlight,2015
"Sylvester Stallone,Talia Shire,Burt Young",A small-time Philadelphia boxer gets a supremely rare chance to fight the world heavyweight champion in a bout in which he strives to go the distance for his self-respect.,John G. Avildsen,120,Drama,PG,8.1,Rocky,1976
"James Mangold,Scott Frank,Michael Green","In a future where mutants are nearly extinct, an elderly and weary Logan leads a quiet life. But when Laura, a mutant child pursued by scientists, comes to him for help, he must get her to s...",James Mangold,137,Action,R,8.1,Logan,2017
"Jeff Bridges,John Goodman,Julianne Moore","Jeff ""The Dude"" Lebowski, mistaken for a millionaire of the same name, seeks restitution for his ruined rug and enlists his bowling buddies to help get it.",Joel Coen,117,Comedy,R,8.1,The Big Lebowski,1998
"Brad Bird,Jan Pinkava,Jim Capobianco",A rat who can cook makes an unusual alliance with a young kitchen worker at a famous Paris restaurant.,Brad Bird,111,Animation,G,8.1,Ratatouille,2007
"Ingmar Bergman,Max von Sydow,Gunnar Björnstrand","A knight returning to Sweden after the Crusades seeks answers about life, death, and the existence of God as he plays chess against the Grim Reaper during the Black Plague.",Ingmar Bergman,96,Drama,Not Rated,8.1,The Seventh Seal,1957
"Chishû Ryû,Chieko Higashiyama,Sô Yamamura","An old couple visit their children and grandchildren in the city, but receive little attention.",Yasujirô Ozu,136,Drama,Not Rated,8.1,Tokyo Story,1953
"Emma Donoghue,Brie Larson,Jacob Tremblay","A little boy is held captive in a room with his mother since his birth, so he has never known the world outside.",Lenny Abrahamson,118,Drama,R,8.1,Room,2015
"James Stewart,Jean Arthur,Claude Rains","A naive youth leader is appointed to fill a vacancy in the U.S. Senate. His idealistic plans promptly collide with corruption at home and subterfuge from his hero in Washington, but he tries...",Frank Capra,129,Comedy,Passed,8.1,Mr. Smith Goes to Washington,1939
"Matt Damon,Christian Bale,Jon Bernthal",American car designer Carroll Shelby and driver Ken Miles battle corporate interference and the laws of physics to build a revolutionary race car for Ford in order to defeat Ferrari at the 2...,James Mangold,152,Action,PG-13,8.1,Ford v Ferrari,2019
"Toni Collette,Philip Seymour Hoffman,Eric Bana","In 1976 Melbourne, a lonely 8-year-old girl strikes up a correspondence with an unlikely pen pal: a severely obese 44-year-old New Yorker with Asperger's syndrome.",Adam Elliot,92,Animation,Not Rated,8.1,Mary and Max,2009
"William Davies,Dean DeBlois,Chris Sanders","A hapless young Viking who aspires to hunt dragons becomes the unlikely friend of a young dragon himself, and learns there may be more to the creatures than he assumed.",Dean DeBlois,98,Animation,PG,8.1,How to Train Your Dragon,2010
"Peter Benchley,Carl Gottlieb,Roy Scheider","When a killer shark unleashes chaos on a beach community off Cape Cod, it's up to a local sheriff, a marine biologist, and an old seafarer to hunt the beast down.",Steven Spielberg,124,Adventure,PG,8.1,Jaws,1975
"Yves Montand,Charles Vanel,Peter van Eyck","In a decrepit South American village, four men are hired to transport an urgent nitroglycerine shipment without the equipment that would make it safe.",Henri-Georges Clouzot,131,Adventure,Not Rated,8.2,The Wages of Fear,1953
"Victor Sjöström,Bibi Andersson,Ingrid Thulin","After living a life marked by coldness, an aging professor is forced to confront the emptiness of his existence.",Ingmar Bergman,91,Drama,Not Rated,8.1,Wild Strawberries,1957
"Graham Greene,Orson Welles,Alexander Korda","Pulp novelist Holly Martins travels to shadowy, postwar Vienna, only to find himself investigating the mysterious death of an old friend, Harry Lime.",Carol Reed,93,Film-Noir,Approved,8.1,The Third Man,1949
"Buster Keaton,Kathryn McGuire,Joe Keaton","A film projectionist longs to be a detective, and puts his meagre skills to work when he is framed by a rival for stealing his girlfriend's father's pocketwatch.",Buster Keaton,45,Action,Passed,8.2,Sherlock Jr.,1924
"Pete Docter,Jill Culton,Jeff Pidgeon","In order to power the city, monsters have to scare children so that they scream. However, the children are toxic to the monsters, and after a child gets through, two monsters realize things ...",Pete Docter,92,Animation,G,8.1,"Monsters, Inc.",2001
"Darío Grandinetti,María Marull,Mónica Villa",Six short stories that explore the extremities of human behavior involving people in distress.,Damián Szifron,122,Comedy,R,8.1,Wild Tales,2014
"Tom Hardy,Charlize Theron,Nicholas Hoult","In a post-apocalyptic wasteland, a woman rebels against a tyrannical ruler in search for her homeland with the aid of a group of female prisoners, a psychotic worshiper and a drifter named M...",George Miller,120,Action,R,8.1,Mad Max: Fury Road,2015
"Michael Cimino,Deric Washburn,Louis Garfinkle",An in-depth examination of the ways in which the Vietnam War impacts and disrupts the lives of several friends in a small steel mill town in Pennsylvania.,Michael Cimino,183,Drama,R,8.1,The Deer Hunter,1978
"Buster Keaton,Clyde Bruckman,Al Boasberg","After being rejected by the Confederate military, not realizing it was due to his crucial civilian role, an engineer must single-handedly recapture his beloved locomotive after it is seized ...",Clyde Bruckman,78,Action,Passed,8.1,The General,1926
"Budd Schulberg,Malcolm Johnson,Robert Siodmak","An ex-prize fighter turned New Jersey longshoreman struggles to stand up to his corrupt union bosses, including his older brother, as he starts to connect with the grieving sister of one of ...",Elia Kazan,108,Crime,Approved,8.1,On the Waterfront,1954
"Song Kang-ho,Kim Sang-kyung,Kim Roe-ha","In a small Korean province in 1986, two detectives struggle with the case of multiple young women being found raped and murdered by an unknown culprit.",Bong Joon Ho,132,Crime,Not Rated,8.1,Memories of Murder,2003
"Daniel Day-Lewis,Pete Postlethwaite,Alison Crosbie","An Irish man's coerced confession to an I.R.A. bombing he did not commit results in the imprisonment of his father as well. Meanwhile, a British lawyer fights to clear their names and free t...",Jim Sheridan,133,Biography,R,8.1,In the Name of the Father,1993
"Robin Williams,Robert Sean Leonard,Ethan Hawke","Maverick teacher John Keating returns in 1959 to the prestigious New England boys' boarding school where he was once a star student, using poetry to embolden his pupils to new heights of sel...",Peter Weir,128,Comedy,PG,8.1,Dead Poets Society,1989
"Andrew Garfield,Sam Worthington,Luke Bracey","World War II American Army Medic Desmond T. Doss, serving during the Battle of Okinawa, refuses to kill people and becomes the first man in American history to receive the Medal of Honor wit...",Mel Gibson,139,Biography,R,8.1,Hacksaw Ridge,2016
"Gillian Flynn,Ben Affleck,Rosamund Pike","With his wife's disappearance having become the focus of an intense media circus, a man sees the spotlight turned on him when it's suspected that he may not be innocent.",David Fincher,149,Drama,R,8.1,Gone Girl,2014
"Charles Chaplin,Mack Swain,Tom Murray","A prospector goes to the Klondike during the 1890s gold rush in hopes of making his fortune, and is smitten with a girl he sees in a dance hall.",Charles Chaplin,95,Adventure,Passed,8.1,The Gold Rush,1925
"Lew Wallace,Karl Tunberg,Gore Vidal","After a Jewish prince is betrayed and sent into slavery by a Roman friend in 1st-century Jerusalem, he regains his freedom and comes back for revenge.",William Wyler,212,Adventure,G,8.1,Ben-Hur,1959
"Chiwetel Ejiofor,Michael Kenneth Williams,Michael Fassbender","In the antebellum United States, Solomon Northup, a free Black man from upstate New York, is abducted and sold into slavery.",Steve McQueen,134,Biography,R,8.1,12 Years a Slave,2013
"Ryan O'Neal,Marisa Berenson,Patrick Magee",An Irish rogue wins the heart of a rich widow and assumes her dead husband's aristocratic position in 18th-century England.,Stanley Kubrick,185,Adventure,PG,8.1,Barry Lyndon,1975
"Harrison Ford,Rutger Hauer,Sean Young",A blade runner must pursue and terminate four replicants who stole a ship in space and have returned to Earth to find their creator.,Ridley Scott,117,Action,R,8.1,Blade Runner,1982
"Mohammad Amir Naji,Amir Farrokh Hashemian,Bahare Seddiqi","After a boy loses his sister's pair of shoes, he goes on a series of adventures in order to find them. When he can't, he tries a new way to ""win"" a new pair.",Majid Majidi,89,Drama,PG,8.2,Children of Heaven,1997
"Ethan Hawke,Julie Delpy,Andrea Eckert","A young man and woman meet on a train in Europe, and wind up spending one evening together in Vienna. Unfortunately, both know that this will probably be their only night together.",Richard Linklater,101,Drama,R,8.1,Before Sunrise,1995
"Stefan Zweig,Wes Anderson,Hugo Guinness","A writer encounters the owner of an aging high-class hotel, who tells him of his early years serving as a lobby boy in the hotel's glorious years under an exceptional concierge.",Wes Anderson,99,Adventure,R,8.1,The Grand Budapest Hotel,2014
"Daniel Radcliffe,Emma Watson,Rupert Grint","Harry, Ron, and Hermione search for Voldemort's remaining Horcruxes in their effort to destroy the Dark Lord as the final battle rages on at Hogwarts.",David Yates,130,Adventure,PG-13,8.1,Harry Potter and the Deathly Hallows: Part 2,2011
"Hilary Swank,Clint Eastwood,Morgan Freeman","Frankie, an ill-tempered old coach, reluctantly agrees to train aspiring boxer Maggie. Impressed with her determination and talent, he helps her become the best and the two soon form a close...",Clint Eastwood,132,Drama,PG-13,8.1,Million Dollar Baby,2004
"Nick Schenk,Dave Johannson,Clint Eastwood","After a Hmong teenager tries to steal his prized 1972 Gran Torino, a disgruntled, prejudiced Korean War veteran seeks to redeem both the boy and himself.",Clint Eastwood,116,Drama,R,8.1,Gran Torino,2008
"Hayao Miyazaki,Hitoshi Takagi,Noriko Hidaka","When two girls move to the country to be near their ailing mother, they have adventures with the wondrous forest spirits who live nearby.",Hayao Miyazaki,86,Animation,G,8.1,My Neighbor Totoro,1988
"Leonardo DiCaprio,Tom Hanks,Christopher Walken","Barely 17 yet, Frank is a skilled forger who has passed as a doctor, lawyer and pilot. FBI agent Carl becomes obsessed with tracking down the con man, who only revels in the pursuit.",Steven Spielberg,141,Biography,PG-13,8.1,Catch Me If You Can,2002
"Minami Hamabe,Sakura Andô,Ryunosuke Kamiki","Post war Japan is at its lowest point when a new crisis emerges in the form of a giant monster, baptized in the horrific power of the atomic bomb.",Takashi Yamazaki,124,Action,PG-13,8.3,Godzilla Minus One,2023
"Sergio Pablos,Jim Mahoney,Zach Lewis","A simple act of kindness always sparks another, even in a frozen, faraway place. When Smeerensburg's new postman, Jesper, befriends toymaker Klaus, their gifts melt an age-old feud and deliv...",Sergio Pablos,96,Animation,PG,8.2,Klaus,2019
"Gavin O'Connor,Anthony Tambakis,Cliff Dorfman","The youngest son of an alcoholic former boxer returns home, where he's trained by his father for competition in a mixed martial arts tournament - a path that puts the fighter on a collision ...",Gavin O'Connor,140,Action,PG-13,8.1,Warrior,2011
"William H. Macy,Frances McDormand,Steve Buscemi",Minnesota car salesman Jerry Lundegaard's inept crime falls apart due to his and his henchmen's bungling and the persistent police work of the quite pregnant Marge Gunderson.,Joel Coen,98,Crime,R,8.1,Fargo,1996
"Chris McKenna,Erik Sommers,Stan Lee","With Spider-Man's identity now revealed, Peter asks Doctor Strange for help. When a spell goes wrong, dangerous foes from other worlds start to appear, forcing Peter to discover what it trul...",Jon Watts,148,Action,PG-13,8.2,Spider-Man: No Way Home,2021
"William Holden,Alec Guinness,Jack Hawkins","British POWs are forced to build a railway bridge across the river Kwai for their Japanese captors in occupied Burma, not knowing that the allied forces are planning a daring commando raid t...",David Lean,161,Adventure,PG,8.1,The Bridge on the River Kwai,1957
"Ewan McGregor,Ewen Bremner,Jonny Lee Miller","Renton, deeply immersed in the Edinburgh drug scene, tries to clean up and get out despite the allure of drugs and the influence of friends.",Danny Boyle,93,Drama,R,8.1,Trainspotting,1996
"Frances McDormand,Woody Harrelson,Sam Rockwell",A mother personally challenges the local authorities to solve her daughter's murder when they fail to catch the culprit.,Martin McDonagh,115,Comedy,R,8.1,"Three Billboards Outside Ebbing, Missouri",2017
"Pete Docter,Ronnie Del Carmen,Meg LeFauve","After young Riley is uprooted from her Midwest life and moved to San Francisco, her emotions - Joy, Fear, Anger, Disgust and Sadness - conflict on how best to navigate a new city, house, and...",Pete Docter,95,Animation,PG,8.1,Inside Out,2015
"Jake LaMotta,Joseph Carter,Peter Savage","The life of boxer Jake LaMotta, whose violence and temper that led him to the top in the ring destroyed his life outside of it.",Martin Scorsese,129,Biography,R,8.1,Raging Bull,1980
"Eduardo Sacheri,Juan José Campanella,Ricardo Darín",A retired legal counselor writes a novel hoping to find closure for one of his past unresolved homicide cases and for his unreciprocated love with his superior - both of which still haunt hi...,Juan José Campanella,129,Drama,R,8.2,The Secret in Their Eyes,2009
"Hugo Weaving,Natalie Portman,Rupert Graves","In a future British dystopian society, a shadowy freedom fighter, known only by the alias of ""V"", plots to overthrow the tyrannical government - with the help of a young woman.",James McTeigue,132,Action,R,8.2,V for Vendetta,2005
"Frederick Knott,Ray Milland,Grace Kelly",A former tennis star arranges the murder of his adulterous wife.,Alfred Hitchcock,105,Crime,PG,8.2,Dial M for Murder,1954
"Jason Flemyng,Dexter Fletcher,Nick Moran","Eddy persuades his three pals to pool money for a vital poker game against a powerful local mobster, Hatchet Harry. Eddy loses, after which Harry gives him a week to pay back 500,000 pounds.",Guy Ritchie,107,Action,R,8.1,"Lock, Stock and Two Smoking Barrels",1998
"Margaret Mitchell,Sidney Howard,Oliver H.P. Garrett",A sheltered and manipulative Southern belle and a roguish profiteer face off in a turbulent romance as the society around them crumbles with the end of slavery and is rebuilt during the Civi...,Victor Fleming,238,Drama,Passed,8.2,Gone with the Wind,1939
"Jack Nicholson,Faye Dunaway,John Huston","A private detective hired to expose an adulterer in 1930s Los Angeles finds himself caught up in a web of deceit, corruption, and murder.",Roman Polanski,130,Drama,R,8.1,Chinatown,1974
"Christopher De Vore,Eric Bergren,David Lynch","A Victorian surgeon rescues a heavily disfigured man who is mistreated while scraping a living as a side-show freak. Behind his monstrous façade, there is revealed a person of kindness, inte...",David Lynch,124,Biography,PG,8.2,The Elephant Man,1980
"Hugh Jackman,Jake Gyllenhaal,Viola Davis","When Keller Dover's daughter and her friend go missing, he takes matters into his own hands as the police pursue multiple leads and the pressure mounts.",Denis Villeneuve,153,Crime,R,8.2,Prisoners,2013
"Chieko Baishô,Takuya Kimura,Tatsuya Gashûin","When an unconfident young woman is cursed with an old body by a spiteful witch, her only chance of breaking the spell lies with a self-indulgent yet insecure young wizard and his companions ...",Hayao Miyazaki,119,Animation,PG,8.2,Howl's Moving Castle,2004
"Andrew Stanton,Bob Peterson,David Reynolds","After his son is captured in the Great Barrier Reef and taken to Sydney, a timid clownfish sets out on a journey to bring him home.",Andrew Stanton,100,Animation,G,8.2,Finding Nemo,2003
"Toshirô Mifune,Machiko Kyô,Masayuki Mori","The rape of a bride and the murder of her samurai husband are recalled from the perspectives of a bandit, the bride, the samurai's ghost and a woodcutter.",Akira Kurosawa,88,Crime,Not Rated,8.2,Rashomon,1950
"Steve McQueen,James Garner,Richard Attenborough",Allied prisoners of war plan for several hundred of their number to escape from a German camp during World War II.,John Sturges,172,Adventure,Approved,8.2,The Great Escape,1963
"Graham Chapman,John Cleese,Eric Idle","King Arthur and his Knights of the Round Table embark on a surreal, low-budget search for the Holy Grail, encountering many, very silly obstacles.",Terry Gilliam,91,Adventure,PG,8.2,Monty Python and the Holy Grail,1975
"Kurt Russell,Wilford Brimley,Keith David",A research team in Antarctica is hunted by a shape-shifting alien that assumes the appearance of its victims.,John Carpenter,109,Horror,R,8.2,The Thing,1982
"Akira Kurosawa,Ryûzô Kikushima,Toshirô Mifune",A crafty ronin comes to a town divided by two criminal gangs and decides to play them against each other to free the town.,Akira Kurosawa,110,Action,Not Rated,8.2,Yojimbo,1961
"Humphrey Bogart,Walter Huston,Tim Holt",Two down-on-their-luck Americans searching for work in 1920s Mexico convince an old prospector to help them mine for gold in the Sierra Madre Mountains.,John Huston,126,Adventure,Passed,8.2,The Treasure of the Sierra Madre,1948
"Tommy Lee Jones,Javier Bardem,Josh Brolin",Violence and mayhem ensue after a hunter stumbles upon the aftermath of a drug deal gone wrong and over two million dollars in cash near the Rio Grande.,Ethan Coen,122,Crime,R,8.2,No Country for Old Men,2007
"Quentin Tarantino,Uma Thurman,Uma Thurman","After awakening from a four-year coma, a former assassin wreaks vengeance on the team of assassins who betrayed her.",Quentin Tarantino,111,Action,R,8.2,Kill Bill: Vol. 1,2003
"Russell Crowe,Ed Harris,Jennifer Connelly","A mathematical genius, John Nash made an astonishing discovery early in his career and stood on the brink of international acclaim. But the handsome and arrogant Nash soon found himself on a...",Ron Howard,135,Biography,PG-13,8.2,A Beautiful Mind,2001
"Clint Eastwood,Gene Hackman,Morgan Freeman","Retired Old West gunslinger William Munny reluctantly takes on one last job, with the help of his old partner Ned Logan and a young man, The ""Schofield Kid.""",Clint Eastwood,130,Drama,R,8.2,Unforgiven,1992
"Bruce Willis,Haley Joel Osment,Toni Collette","Malcolm Crowe, a child psychologist, starts treating a young boy, Cole, who encounters dead people and convinces him to help them. In turn, Cole helps Malcolm reconcile with his estranged wi...",M. Night Shyamalan,107,Drama,PG-13,8.2,The Sixth Sense,1999
"Ivana Baquero,Ariadna Gil,Sergi López","In the Falangist Spain of 1944, the bookish young stepdaughter of a sadistic army officer escapes into an eerie but captivating fantasy world.",Guillermo del Toro,118,Drama,R,8.2,Pan's Labyrinth,2006
"Akira Kurosawa,Hideo Oguni,Masato Ide","In Medieval Japan, an elderly warlord retires, handing over his empire to his three sons. However, he vastly underestimates how the new-found power will corrupt them and cause them to turn o...",Akira Kurosawa,160,Action,R,8.2,Ran,1985
"Michael Crichton,David Koepp,Sam Neill",A pragmatic paleontologist touring an almost complete theme park on an island in Central America is tasked with protecting a couple of kids after a power failure causes the park's cloned din...,Steven Spielberg,127,Action,PG-13,8.2,Jurassic Park,1993
"Daniel Day-Lewis,Paul Dano,Ciarán Hinds","A story of family, religion, hatred, oil and madness, focusing on a turn-of-the-century prospector in the early days of the business.",Paul Thomas Anderson,158,Drama,R,8.2,There Will Be Blood,2007
"Nicholas Pileggi,Martin Scorsese,Robert De Niro","In Las Vegas, two best friends - a casino executive and a mafia enforcer - compete for a gambling empire and a fast-living, fast-loving socialite.",Martin Scorsese,178,Crime,R,8.2,Casino,1995
"Bette Davis,Anne Baxter,George Sanders",A seemingly timid but secretly ruthless ingénue insinuates herself into the lives of an aging Broadway star and her circle of theater friends.,Joseph L. Mankiewicz,138,Drama,Passed,8.2,All About Eve,1950
"Leonardo DiCaprio,Emily Mortimer,Mark Ruffalo","Teddy Daniels and Chuck Aule, two US marshals, are sent to an asylum on a remote island in order to investigate the disappearance of a patient, where Teddy uncovers a shocking truth about th...",Martin Scorsese,138,Mystery,R,8.2,Shutter Island,2010
"Jim Cash,Jack Epps Jr.,Peter Craig","After thirty years, Maverick is still pushing the envelope as a top naval aviator, but must confront ghosts of his past when he leads TOP GUN's elite graduates on a mission that demands the ...",Joseph Kosinski,130,Action,PG-13,8.2,Top Gun: Maverick,2022
"Jim Carrey,Ed Harris,Laura Linney",An insurance salesman discovers his whole life is actually a reality TV show.,Peter Weir,103,Comedy,PG,8.2,The Truman Show,1998
"Abby Mann,Montgomery Clift,Spencer Tracy","In 1948, an American court in occupied Germany tries four Nazis judged for war crimes.",Stanley Kramer,179,Drama,Approved,8.3,Judgment at Nuremberg,1961
"Charles Chaplin,Edna Purviance,Jackie Coogan","The Tramp cares for an abandoned child, but events put their relationship in jeopardy.",Charles Chaplin,68,Comedy,Passed,8.2,The Kid,1921
"Christopher Hampton,Florian Zeller,Anthony Hopkins","A man refuses all assistance from his daughter as he ages. As he tries to make sense of his changing circumstances, he begins to doubt his loved ones, his own mind and even the fabric of his...",Florian Zeller,97,Drama,PG-13,8.2,The Father,2020
"Viggo Mortensen,Mahershala Ali,Linda Cardellini",A working-class Italian-American bouncer becomes the driver for an African-American classical pianist on a tour of venues through the 1960s American South.,Peter Farrelly,130,Biography,PG-13,8.2,Green Book,2018
"Billy Wilder,I.A.L. Diamond,Robert Thoeren","After two male musicians witness a mob hit, they flee the state in an all-female band disguised as women, but further complications set in.",Billy Wilder,121,Comedy,Passed,8.2,Some Like It Hot,1959
"Leonardo DiCaprio,Jonah Hill,Margot Robbie","Based on the true story of Jordan Belfort, from his rise to a wealthy stock-broker living the high life to his fall involving crime, corruption and the federal government.",Martin Scorsese,180,Biography,R,8.2,The Wolf of Wall Street,2013
"Bob Kane,David S. Goyer,Christopher Nolan","After witnessing his parents' death, Bruce learns the art of fighting to confront injustice. When he returns to Gotham as Batman, he must stop a secret society that intends to destroy the ci...",Christopher Nolan,140,Action,PG-13,8.2,Batman Begins,2005
"Piyush Gupta,Shreyas Jain,Nikhil Mehrotra",Former wrestler Mahavir Singh Phogat and his two wrestler daughters struggle towards glory at the Commonwealth Games in the face of societal oppression.,Nitesh Tiwari,161,Action,Not Rated,8.3,Dangal,2016
"Robert De Niro,Jodie Foster,Cybill Shepherd","A mentally unstable veteran works as a nighttime taxi driver in New York City, where the perceived decadence and sleaze fuels his urge for violent action.",Martin Scorsese,114,Crime,R,8.2,Taxi Driver,1976
"Bernd Eichinger,Joachim Fest,Traudl Junge","Traudl Junge, the final secretary for Adolf Hitler, tells of the Nazi dictator's final days in his Berlin bunker at the end of WWII.",Oliver Hirschbiegel,156,Biography,R,8.2,Downfall,2004
"Cesare Zavattini,Luigi Bartolini,Oreste Biancoli","In post-war Italy, a working-class man's bicycle is stolen, endangering his efforts to find work. He and his son set out to find it.",Vittorio De Sica,89,Drama,Not Rated,8.3,Bicycle Thieves,1948
"Kevin Spacey,Russell Crowe,Guy Pearce","As corruption grows in 1950s Los Angeles, three policemen - one strait-laced, one brutal, and one sleazy - investigate a series of murders with their own brand of justice.",Curtis Hanson,138,Crime,R,8.2,L.A. Confidential,1997
"Lin-Manuel Miranda,Phillipa Soo,Leslie Odom Jr.","The real life of one of America's foremost founding fathers and first Secretary of the Treasury, Alexander Hamilton. Captured live on Broadway from the Richard Rodgers Theater with the origi...",Thomas Kail,160,Biography,PG-13,8.3,Hamilton,2020
"Dean-Charles Chapman,George MacKay,Daniel Mays","April 6th, 1917. As an infantry battalion assembles to wage war deep in enemy territory, two soldiers are assigned to race against time and deliver a message that will stop 1,600 men from wa...",Sam Mendes,119,Action,R,8.2,1917,2019
"Jason Statham,Brad Pitt,Stephen Graham","Unscrupulous boxing promoters, violent bookmakers, a Russian gangster, incompetent amateur robbers and supposedly Jewish jewelers fight to track down a priceless stolen diamond.",Guy Ritchie,102,Comedy,R,8.2,Snatch,2000
"Sergio Leone,Fulvio Morsella,Luciano Vincenzoni","Two bounty hunters with the same intentions team up to track down a gang of outlaws led by a psychotic Mexican bandit, who is plotting an audacious bank robbery.",Sergio Leone,132,Drama,R,8.2,For a Few Dollars More,1965
"Darsheel Safary,Aamir Khan,Tisca Chopra","An eight-year-old boy is thought to be a lazy trouble-maker, until the new art teacher has the patience and compassion to discover the real problem behind his struggles in school.",Aamir Khan,162,Drama,PG,8.3,Like Stars on Earth,2007
"Thea von Harbou,Fritz Lang,Brigitte Helm","In a futuristic city sharply divided between the working class and the city planners, the son of the city's mastermind falls in love with a working-class prophet who predicts the coming of a...",Fritz Lang,153,Drama,Not Rated,8.3,Metropolis,1927
"Bruce Willis,Alan Rickman,Bonnie Bedelia",A New York City police officer tries to save his estranged wife and several others taken hostage by terrorists during a Christmas party at the Nakatomi Plaza in Los Angeles.,John McTiernan,132,Action,R,8.2,Die Hard,1988
"Payman Maadi,Leila Hatami,Sareh Bayat",A married couple are faced with a difficult decision - to improve the life of their child by moving to another country or to stay in Iran and look after a deteriorating parent who has Alzhei...,Asghar Farhadi,123,Drama,PG-13,8.3,A Separation,2011
"Jeffrey Boam,George Lucas,Menno Meyjes","In 1938, after his father goes missing while pursuing the Holy Grail, Indiana Jones finds himself up against the Nazis again to stop them from obtaining its powers.",Steven Spielberg,127,Action,PG-13,8.2,Indiana Jones and the Last Crusade,1989
"Gregory Peck,John Megna,Frank Overton","Atticus Finch, a widowed lawyer in Depression-era Alabama, defends a Black man against an undeserved rape charge, and tries to educate his young children against prejudice.",Robert Mulligan,129,Crime,Approved,8.3,To Kill a Mockingbird,1962
"Paul Newman,Robert Redford,Robert Shaw",Two grifters team up to pull off the ultimate con.,George Roy Hill,129,Comedy,PG,8.3,The Sting,1973
"Malcolm McDowell,Patrick Magee,Michael Bates","In the future, a sadistic gang leader is imprisoned and volunteers for a conduct-aversion experiment, but it doesn't go as planned.",Stanley Kubrick,136,Crime,X,8.3,A Clockwork Orange,1971
"Pete Docter,Bob Peterson,Tom McCarthy","78-year-old Carl Fredricksen travels to Paradise Falls in his house equipped with balloons, inadvertently taking a young stowaway.",Pete Docter,96,Animation,PG,8.3,Up,2009
"Stanley Kubrick,Michael Herr,Gustav Hasford",A pragmatic U.S. Marine observes the dehumanizing effects the Vietnam War has on his fellow recruits from their brutal boot camp training to the bloody street fighting in Hue.,Stanley Kubrick,116,Drama,R,8.3,Full Metal Jacket,1987
"Al Pacino,Robert De Niro,Val Kilmer",A group of high-end professional thieves start to feel the heat from the LAPD when they unknowingly leave a verbal clue at their latest heist.,Michael Mann,170,Action,R,8.3,Heat,1995
"Guillaume Laurant,Jean-Pierre Jeunet,Audrey Tautou","Despite being caught in her imaginative world, Amelie, a young waitress, decides to help people find happiness. Her quest to spread joy leads her on a journey where she finds true love.",Jean-Pierre Jeunet,122,Comedy,R,8.3,Amélie,2001
"Oliver Stone,Howard Hawks,Ben Hecht","In 1980 Miami, a determined Cuban immigrant takes over a drug cartel and succumbs to greed.",Brian De Palma,170,Crime,18+,8.3,Scarface,1983
"Denis Villeneuve,Wajdi Mouawad,Valérie Beaugrand-Champagne",Twins journey to the Middle East to discover their family history and fulfill their mother's last wishes.,Denis Villeneuve,131,Drama,R,8.3,Incendies,2010
"Peter Lorre,Ellen Widmann,Inge Landgut","When the police in a German city are unable to catch a child-murderer, other criminals join in the manhunt.",Fritz Lang,99,Crime,Passed,8.3,M,1931
"Alec Coppel,Samuel A. Taylor,Pierre Boileau","A former San Francisco police detective juggles wrestling with his personal demons and becoming obsessed with the hauntingly beautiful woman he has been hired to trail, who may be deeply dis...",Alfred Hitchcock,128,Mystery,PG,8.3,Vertigo,1958
"Fred MacMurray,Barbara Stanwyck,Edward G. Robinson","A Los Angeles insurance representative lets an alluring housewife seduce him into a scheme of insurance fraud and murder that arouses the suspicion of his colleague, an insurance investigato...",Billy Wilder,107,Crime,Passed,8.3,Double Indemnity,1944
"Peter O'Toole,Alec Guinness,Anthony Quinn","The story of T.E. Lawrence, the English officer who successfully united and led the diverse, often warring, Arab tribes during World War I in order to fight the Turks.",David Lean,218,Adventure,Approved,8.3,Lawrence of Arabia,1962
"Herman J. Mankiewicz,Orson Welles,John Houseman","Following the death of publishing tycoon Charles Foster Kane, reporters scramble to uncover the meaning of his final utterance: 'Rosebud.'",Orson Welles,119,Drama,PG,8.3,Citizen Kane,1941
"Cary Grant,Eva Marie Saint,James Mason","A New York City advertising executive goes on the run after being mistaken for a government agent by a group of foreign spies, and falls for a woman whose loyalties he begins to doubt.",Alfred Hitchcock,136,Action,Approved,8.3,North by Northwest,1959
"Jack Lemmon,Shirley MacLaine,Fred MacMurray","A Manhattan insurance clerk tries to rise in his company by letting its executives use his apartment for trysts, but complications and a romance of his own ensue.",Billy Wilder,125,Comedy,Approved,8.3,The Apartment,1960
"Takashi Shimura,Nobuo Kaneko,Shin'ichi Himori",A bureaucrat tries to find meaning in his life after he discovers he has terminal cancer.,Akira Kurosawa,143,Drama,Not Rated,8.3,Ikiru,1952
"Stanley Kubrick,Arthur C. Clarke,Keir Dullea","After uncovering a mysterious artifact buried beneath the Lunar surface, a spacecraft is sent to Jupiter to find its origins: a spacecraft manned by two men and the supercomputer HAL 9000.",Stanley Kubrick,149,Adventure,G,8.3,2001: A Space Odyssey,1968
"Quentin Tarantino,Roger Avary,Harvey Keitel","When a simple jewelry heist goes horribly wrong, the surviving criminals begin to suspect that one of them is a police informant.",Quentin Tarantino,99,Crime,R,8.3,Reservoir Dogs,1992
"Mads Mikkelsen,Thomas Bo Larsen,Annika Wedderkopp","A teacher lives a lonely life, all the while struggling over his son's custody. His life slowly gets better as he finds love and receives good news from his son, but his new luck is about to...",Thomas Vinterberg,115,Drama,R,8.3,The Hunt,2012
"Charlie Kaufman,Michel Gondry,Pierre Bismuth","When their relationship turns sour, a couple undergoes a medical procedure to have each other erased from their memories for ever.",Michel Gondry,108,Drama,R,8.3,Eternal Sunshine of the Spotless Mind,2004
"John Lasseter,Andrew Stanton,Lee Unkrich","The toys are mistakenly delivered to a day-care center instead of the attic right before Andy leaves for college, and it's up to Woody to convince the other toys that they weren't abandoned ...",Lee Unkrich,103,Animation,G,8.3,Toy Story 3,2010
"Lawrence Kasdan,George Lucas,Mark Hamill","After rescuing Han Solo from Jabba the Hutt, the Rebels attempt to destroy the second Death Star, while Luke struggles to help Darth Vader back from the dark side.",Richard Marquand,131,Action,PG,8.3,Star Wars: Episode VI - Return of the Jedi,1983
"Nadine Labaki,Jihad Hojeily,Michelle Keserwany","While serving a five-year sentence for a violent crime, a 12-year-old boy sues his parents for neglect.",Nadine Labaki,126,Drama,R,8.4,Capernaum,2018
"Ales Adamovich,Elem Klimov,Aleksey Kravchenko","After finding an old rifle, a young boy joins the Soviet resistance movement against ruthless German forces and experiences the horrors of World War II.",Elem Klimov,142,Drama,Not Rated,8.4,Come and See,1985
"Hubert Selby Jr.,Darren Aronofsky,Ellen Burstyn",The drug-induced utopias of four Coney Island people are shattered when their addictions run deep.,Darren Aronofsky,102,Drama,Unrated,8.3,Requiem for a Dream,2000
"Harry Grey,Leonardo Benvenuti,Piero De Bernardi","A former Prohibition-era Jewish gangster returns to the Lower East Side of Manhattan 35 years later, where he must once again confront the ghosts and regrets of his old life.",Sergio Leone,229,Crime,R,8.3,Once Upon a Time in America,1984
"Makoto Shinkai,Clark Cheng,Ryunosuke Kamiki","Two teenagers share a profound, magical connection upon discovering they are swapping bodies. Things manage to become even more complicated when the boy and girl decide to meet in person.",Makoto Shinkai,106,Animation,TV-PG,8.4,Your Name.,2016
"Abhijat Joshi,Rajkumar Hirani,Vidhu Vinod Chopra","Two friends are searching for their long lost companion. They revisit their college days and recall the memories of their friend who inspired them to think differently, even as the rest of t...",Rajkumar Hirani,170,Comedy,PG-13,8.4,3 Idiots,2009
"Hideo Oguni,Ryûzô Kikushima,Eijirô Hisaita",An executive of a Yokohama shoe company becomes a victim of extortion when his chauffeur's son is kidnapped by mistake and held for ransom.,Akira Kurosawa,143,Crime,Not Rated,8.4,High and Low,1963
"Gene Kelly,Donald O'Connor,Debbie Reynolds",A silent film star falls for a chorus girl just as he and his delusionally jealous screen partner are trying to make the difficult transition to talking pictures in 1920s Hollywood.,Stanley Donen,103,Comedy,G,8.3,Singin' in the Rain,1952
"Robin Williams,Matt Damon,Ben Affleck","Will Hunting, a janitor at M.I.T., has a gift for mathematics, but needs help from a psychologist to find direction in his life.",Gus Van Sant,126,Drama,R,8.3,Good Will Hunting,1997
"Cillian Murphy,Emily Blunt,Matt Damon",The story of American scientist J. Robert Oppenheimer and his role in the development of the atomic bomb.,Christopher Nolan,180,Biography,R,8.3,Oppenheimer,2023
"Hayao Miyazaki,Neil Gaiman,Yôji Matsuda","On a journey to find the cure for a Tatarigami's curse, Ashitaka finds himself in the middle of a war between the forest gods and Tatara, a mining colony. In this quest he also meets San, th...",Hayao Miyazaki,134,Animation,PG-13,8.3,Princess Mononoke,1997
"Todd Phillips,Scott Silver,Bob Kane","During the 1980s, a failed stand-up comedian is driven insane and turns to a life of crime and chaos in Gotham City while becoming an infamous psychopathic crime figure.",Todd Phillips,122,Crime,R,8.4,Joker,2019
"Mel Gibson,Sophie Marceau,Patrick McGoohan",Scottish warrior William Wallace leads his countrymen in a rebellion to free his homeland from the tyranny of King Edward I of England.,Mel Gibson,178,Biography,R,8.3,Braveheart,1995
"Jürgen Prochnow,Herbert Grönemeyer,Klaus Wennemann",A German U-boat stalks the frigid waters of the North Atlantic as its young crew experience the sheer terror and claustrophobic life of a submariner in World War II.,Wolfgang Petersen,0,Drama,,8.4,The Boat,1981
"Christopher Markus,Stephen McFeely,Stan Lee","After the devastating events of Avengers: Infinity War (2018), the universe is in ruins. With the help of remaining allies, the Avengers assemble once more in order to reverse Thanos' action...",Anthony Russo,181,Action,PG-13,8.4,Avengers: Endgame,2019
"John Lasseter,Pete Docter,Andrew Stanton",A cowboy doll is profoundly threatened and jealous when a new spaceman action figure supplants him as top toy in a boy's bedroom.,John Lasseter,81,Animation,G,8.3,Toy Story,1995
"Peter Shaffer,Zdenek Mahler,F. Murray Abraham","The life, success and troubles of Wolfgang Amadeus Mozart, as told by Antonio Salieri, the contemporaneous composer who was deeply jealous of Mozart's talent and claimed to have murdered him...",Milos Forman,160,Biography,PG,8.4,Amadeus,1984
"Lee Unkrich,Jason Katz,Matthew Aldrich","Aspiring musician Miguel, confronted with his family's ancestral ban on music, enters the Land of the Dead to find his great-great-grandfather, a legendary singer.",Lee Unkrich,105,Animation,PG,8.4,Coco,2017
"Garon Tsuchiya,Nobuaki Minegishi,Park Chan-wook","After being kidnapped and imprisoned for fifteen years, Oh Dae-Su is released, only to find that he must find his captor in five days.",Park Chan-wook,120,Action,R,8.3,Oldboy,2003
"Kevin Spacey,Annette Bening,Thora Birch",A sexually frustrated suburban father has a mid-life crisis after becoming infatuated with his daughter's best friend.,Sam Mendes,122,Drama,R,8.3,American Beauty,1999
"Stanley Kubrick,Terry Southern,Peter George","An insane American general orders a bombing attack on the Soviet Union, triggering a path to nuclear holocaust that a war room full of politicians and generals frantically tries to stop.",Stanley Kubrick,95,Comedy,PG,8.4,Dr. Strangelove or: How I Learned to Stop Worrying and Love the Bomb,1964
"James Cameron,David Giler,Walter Hill","Decades after surviving the Nostromo incident, Ellen Ripley is sent out to re-establish contact with a terraforming colony but finds herself battling the Alien Queen and her offspring.",James Cameron,137,Action,R,8.4,Aliens,1986
"Jonathan Nolan,Christopher Nolan,David S. Goyer","Eight years after the Joker's reign of chaos, Batman is coerced out of exile with the assistance of the mysterious Selina Kyle in order to defend Gotham City from the vicious guerrilla terro...",Christopher Nolan,164,Action,PG-13,8.4,The Dark Knight Rises,2012
"Jack Nicholson,Shelley Duvall,Danny Lloyd","A family heads to an isolated hotel for the winter where a sinister presence influences the father into violence, while his psychic son sees horrific forebodings from both past and future.",Stanley Kubrick,146,Drama,R,8.4,The Shining,1980
"Phil Lord,Rodney Rothman,Shameik Moore",Teen Miles Morales becomes the Spider-Man of his universe and must join with five spider-powered individuals from other dimensions to stop a threat for all realities.,Bob Persichetti,117,Animation,PG,8.4,Spider-Man: Into the Spider-Verse,2018
"Brad Pitt,Diane Kruger,Eli Roth","In Nazi-occupied France during World War II, a plan to assassinate Nazi leaders by a group of Jewish U.S. soldiers coincides with a theatre owner's vengeful plans for the same.",Quentin Tarantino,153,Adventure,R,8.4,Inglourious Basterds,2009
"Agatha Christie,Billy Wilder,Harry Kurnitz",A veteran British barrister must defend his client in a murder trial that has surprise after surprise.,Billy Wilder,116,Crime,Approved,8.4,Witness for the Prosecution,1957
"Charles Chaplin,Paulette Goddard,Jack Oakie",Dictator Adenoid Hynkel tries to expand his empire while a poor Jewish barber tries to avoid persecution from Hynkel's regime.,Charles Chaplin,125,Comedy,G,8.4,The Great Dictator,1940
"Christopher Markus,Stephen McFeely,Stan Lee",The Avengers and their allies must be willing to sacrifice all in an attempt to defeat the powerful Thanos before his blitz of devastation and ruin puts an end to the universe.,Anthony Russo,149,Action,PG-13,8.4,Avengers: Infinity War,2018
"Stanley Kubrick,Calder Willingham,Jim Thompson","After a failed attack on a German position, a general orders three soldiers, chosen at random, court-martialed for cowardice and their commanding officer must defend them.",Stanley Kubrick,88,Drama,Approved,8.4,Paths of Glory,1957
"William Holden,Gloria Swanson,Erich von Stroheim",A screenwriter develops a dangerous relationship with a faded film star determined to make a triumphant return.,Billy Wilder,110,Drama,Passed,8.4,Sunset Blvd.,1950
"Ulrich Mühe,Martina Gedeck,Sebastian Koch","In 1984 East Berlin, an agent of the secret police, conducting surveillance on a writer and his lover, finds himself becoming increasingly absorbed by their lives.",Florian Henckel von Donnersmarck,137,Drama,R,8.4,The Lives of Others,2006
"Harrison Ford,Karen Allen,Paul Freeman","In 1936, archaeologist and adventurer Indiana Jones is hired by the U.S. government to find the Ark of the Covenant before the Nazis can obtain its awesome powers.",Steven Spielberg,115,Action,PG,8.4,Raiders of the Lost Ark,1981
"Guy Pearce,Carrie-Anne Moss,Joe Pantoliano",A man with short-term memory loss attempts to track down his wife's murderer.,Christopher Nolan,113,Mystery,R,8.4,Memento,2000
"Jamie Foxx,Christoph Waltz,Leonardo DiCaprio","With the help of a German bounty-hunter, a freed slave sets out to rescue his wife from a brutal plantation owner in Mississippi.",Quentin Tarantino,165,Drama,R,8.5,Django Unchained,2012
"Vidhu Vinod Chopra,Jaskunwar Kohli,Anurag Pathak",The real-life story of IPS Officer Manoj Kumar Sharma and IRS Officer Shraddha Joshi.,Vidhu Vinod Chopra,0,Biography,,9.0,12th Fail,2023
"John Milius,Francis Ford Coppola,Michael Herr",A U.S. Army officer serving in Vietnam is tasked with assassinating a renegade Special Forces Colonel who sees himself as a god.,Francis Ford Coppola,147,Drama,R,8.4,Apocalypse Now,1979
"Andrew Stanton,Pete Docter,Jim Reardon","In the distant future, a small waste-collecting robot inadvertently embarks on a space journey that will ultimately decide the fate of mankind.",Andrew Stanton,98,Animation,G,8.4,WALL·E,2008
"Dan O'Bannon,Ronald Shusett,Sigourney Weaver",The crew of a commercial spacecraft encounters a deadly lifeform after investigating a mysterious transmission of unknown origin.,Ridley Scott,117,Horror,R,8.5,Alien,1979
"Charles Chaplin,Virginia Cherrill,Florence Lee","With the aid of a wealthy erratic tippler, a dewy-eyed tramp who has fallen in love with a sightless flower girl accumulates money to be able to help her medically.",Charles Chaplin,87,Comedy,G,8.5,City Lights,1931
"Sergio Donati,Sergio Leone,Dario Argento",A mysterious stranger with a harmonica joins forces with a notorious desperado to protect a beautiful widow from a ruthless assassin working for the railroad.,Sergio Leone,166,Western,PG-13,8.5,Once Upon a Time in the West,1968
"James Stewart,Grace Kelly,Wendell Corey","A photographer in a wheelchair spies on his neighbors from his Greenwich Village courtyard apartment window, and becomes convinced one of them has committed murder, despite the skepticism of...",Alfred Hitchcock,112,Mystery,PG,8.5,Rear Window,1954
"Giuseppe Tornatore,Vanna Paoli,Philippe Noiret",A filmmaker recalls his childhood when falling in love with the pictures at the cinema of his home village and forms a deep friendship with the cinema's projectionist.,Giuseppe Tornatore,174,Drama,PG,8.5,Cinema Paradiso,1988
"Charles Chaplin,Paulette Goddard,Henry Bergman",The Tramp struggles to live in modern industrial society with the help of a young homeless woman.,Charles Chaplin,87,Comedy,G,8.5,Modern Times,1936
"François Cluzet,Omar Sy,Anne Le Ny","After he becomes a quadriplegic from a paragliding accident, an aristocrat hires a young man from the projects to be his caregiver.",Olivier Nakache,112,Comedy,R,8.5,The Intouchables,2011
"Kevin Spacey,Gabriel Byrne,Chazz Palminteri",The sole survivor of a pier shoot-out tells the story of how a notorious criminal influenced the events that began with five criminals meeting in a seemingly random police lineup.,Bryan Singer,106,Crime,R,8.5,The Usual Suspects,1995
"Julius J. Epstein,Philip G. Epstein,Howard Koch",A cynical expatriate American cafe owner struggles to decide whether or not to help his former lover and her fugitive husband escape the Nazis in French Morocco.,Michael Curtiz,102,Drama,PG,8.5,Casablanca,1942
"Tatsuya Nakadai,Akira Ishihama,Shima Iwashita","When a ronin requesting seppuku at a feudal lord's palace is told of the brutal suicide of another ronin who previously visited, he reveals how their pasts are intertwined - and in doing so ...",Masaki Kobayashi,133,Action,Not Rated,8.6,Harakiri,1962
"Tsutomu Tatsumi,Ayano Shiraishi,Akemi Yamaguchi",A young boy and his little sister struggle to survive in Japan during World War II.,Isao Takahata,89,Animation,Not Rated,8.5,Grave of the Fireflies,1988
"Christian Bale,Hugh Jackman,Scarlett Johansson","After a tragic accident, two stage magicians in 1890s London engage in a battle to create the ultimate illusion while sacrificing everything they have to outwit each other.",Christopher Nolan,130,Drama,PG-13,8.5,The Prestige,2006
"Miles Teller,J.K. Simmons,Melissa Benoist",A promising young drummer enrolls at a cut-throat music conservatory where his dreams of greatness are mentored by an instructor who will stop at nothing to realize a student's potential.,Damien Chazelle,106,Drama,R,8.5,Whiplash,2014
"Edward Norton,Edward Furlong,Beverly D'Angelo","Living a life marked by violence, neo-Nazi Derek finally goes to prison after killing two black youths. Upon his release, Derek vows to change; he hopes to prevent his brother, Danny, who id...",Tony Kaye,119,Crime,R,8.5,American History X,1998
"David Franzoni,John Logan,William Nicholson",A former Roman General sets out to exact vengeance against the corrupt emperor who murdered his family and sent him into slavery.,Ridley Scott,155,Action,R,8.5,Gladiator,2000
"Irene Mecchi,Jonathan Roberts,Linda Woolverton","Lion prince Simba and his father are targeted by his bitter uncle, who wants to ascend the throne himself.",Roger Allers,88,Animation,G,8.5,The Lion King,1994
"Leonardo DiCaprio,Matt Damon,Jack Nicholson",An undercover cop and a mole in the police attempt to identify each other while infiltrating an Irish gang in South Boston.,Martin Scorsese,151,Crime,R,8.5,The Departed,2006
"Jean Reno,Gary Oldman,Natalie Portman","12-year-old Mathilda is reluctantly taken in by Léon, a professional assassin, after her family is murdered. An unusual relationship forms as she becomes his protégée and learns the assassin...",Luc Besson,110,Action,R,8.5,Léon: The Professional,1994
"Shameik Moore,Hailee Steinfeld,Brian Tyree Henry","Miles Morales catapults across the multiverse, where he encounters a team of Spider-People charged with protecting its very existence. When the heroes clash on how to handle a new threat, Mi...",Joaquim Dos Santos,140,Animation,PG,8.6,Spider-Man: Across the Spider-Verse,2023
"Anthony Perkins,Janet Leigh,Vera Miles","A Phoenix secretary embezzles $40,000 from her employer's client, goes on the run and checks into a remote motel run by a young man under the domination of his mother.",Alfred Hitchcock,109,Horror,R,8.5,Psycho,1960
"Bong Joon Ho,Han Jin-won,Song Kang-ho",Greed and class discrimination threaten the newly formed symbiotic relationship between the wealthy Park family and the destitute Kim clan.,Bong Joon Ho,132,Drama,R,8.5,Parasite,2019
"Michael J. Fox,Christopher Lloyd,Lea Thompson","Marty McFly, a 17-year-old high school student, is accidentally sent 30 years into the past in a time-traveling DeLorean invented by his close friend, the maverick scientist Doc Brown.",Robert Zemeckis,116,Adventure,PG,8.5,Back to the Future,1985
"Adrien Brody,Thomas Kretschmann,Frank Finlay","During WWII, acclaimed Polish musician Wladyslaw faces various struggles as he loses contact with his family. As the situation worsens, he hides in the ruins of Warsaw in order to survive.",Roman Polanski,150,Biography,R,8.5,The Pianist,2002
"Hayao Miyazaki,Daveigh Chase,Suzanne Pleshette","During her family's move to the suburbs, a sullen 10-year-old girl wanders into a world ruled by gods, witches and spirits, a world where humans are changed into beasts.",Hayao Miyazaki,125,Animation,PG,8.6,Spirited Away,2001
"Tom Hanks,Michael Clarke Duncan,David Morse","A tale set on death row, where gentle giant John Coffey possesses the mysterious power to heal people's ailments. When the lead guard, Paul Edgecombe, recognizes John's gift, he tries to hel...",Frank Darabont,189,Crime,R,8.6,The Green Mile,1999
"Vincenzo Cerami,Roberto Benigni,Roberto Benigni","When an open-minded Jewish waiter and his son become victims of the Holocaust, he uses a perfect mixture of will, humor and imagination to protect his son from the dangers around their camp.",Roberto Benigni,116,Comedy,PG-13,8.6,Life Is Beautiful,1997
"Arnold Schwarzenegger,Linda Hamilton,Edward Furlong","A cyborg, identical to the one who failed to kill Sarah Connor, must now protect her ten year old son John from an even more advanced and powerful cyborg.",James Cameron,137,Action,R,8.6,Terminator 2: Judgment Day,1991
"Mark Hamill,Harrison Ford,Carrie Fisher","Luke Skywalker joins forces with a Jedi Knight, a cocky pilot, a Wookiee and two droids to save the galaxy from the Empire's world-destroying battle station, while also attempting to rescue ...",George Lucas,121,Action,PG,8.6,Star Wars: Episode IV - A New Hope,1977
"Tom Hanks,Matt Damon,Tom Sizemore","Following the Normandy Landings, a group of U.S. soldiers go behind enemy lines to retrieve a paratrooper whose brothers have been killed in action.",Steven Spielberg,169,Drama,R,8.6,Saving Private Ryan,1998
"Toshirô Mifune,Takashi Shimura,Keiko Tsushima","Farmers from a village exploited by bandits hire a veteran samurai for protection, who gathers six other samurai to join him.",Akira Kurosawa,207,Action,Not Rated,8.6,Seven Samurai,1954
"Jodie Foster,Anthony Hopkins,Scott Glenn","A young F.B.I. cadet must receive the help of an incarcerated and manipulative cannibal killer to help catch another serial killer, a madman who skins his victims.",Jonathan Demme,118,Crime,R,8.6,The Silence of the Lambs,1991
"J.R.R. Tolkien,Fran Walsh,Philippa Boyens",Gandalf and Aragorn lead the World of Men against Sauron's army to draw his gaze from Frodo and Sam as they approach Mount Doom with the One Ring.,Peter Jackson,201,Action,PG-13,9.0,The Lord of the Rings: The Return of the King,2003
"Liam Neeson,Ralph Fiennes,Ben Kingsley","In German-occupied Poland during World War II, industrialist Oskar Schindler gradually becomes concerned for his Jewish workforce after witnessing their persecution by the Nazis.",Steven Spielberg,195,Biography,R,9.0,Schindler's List,1993
"Reginald Rose,Henry Fonda,Lee J. Cobb",The jury in a New York City murder trial is frustrated by a single member whose skeptical caution forces them to more carefully consider the evidence before jumping to a hasty verdict.,Sidney Lumet,96,Crime,Approved,9.0,12 Angry Men,1957
"Jonathan Nolan,Christopher Nolan,David S. Goyer","When the menace known as the Joker wreaks havoc and chaos on the people of Gotham, Batman must accept one of the greatest psychological and physical tests of his ability to fight injustice.",Christopher Nolan,152,Action,PG-13,9.0,The Dark Knight,2008
"Francis Ford Coppola,Mario Puzo,Al Pacino","The early life and career of Vito Corleone in 1920s New York City is portrayed, while his son, Michael, expands and tightens his grip on the family crime syndicate.",Francis Ford Coppola,202,Crime,R,9.0,The Godfather Part II,1974
"Alexandre Rodrigues,Leandro Firmino,Matheus Nachtergaele","In the slums of Rio, two kids' paths diverge as one struggles to become a photographer and the other a kingpin.",Fernando Meirelles,130,Crime,R,8.6,City of God,2002
"Mario Puzo,Francis Ford Coppola,Marlon Brando",The aging patriarch of an organized crime dynasty transfers control of his clandestine empire to his reluctant son.,Francis Ford Coppola,175,Crime,R,9.2,The Godfather,1972
"Tim Robbins,Morgan Freeman,Bob Gunton","Over the course of several years, two convicts form a friendship, seeking consolation and, eventually, redemption through basic compassion.",Frank Darabont,142,Drama,R,9.3,The Shawshank Redemption,1994
